{"name":"b4ab614b-ea6b-41bb-a3a0-b58f0d835444","id":"/providers/Microsoft.Flow/flows/b4ab614b-ea6b-41bb-a3a0-b58f0d835444","type":"Microsoft.Flow/flows","properties":{"apiId":"/providers/Microsoft.PowerApps/apis/shared_logicflows","displayName":"WFH-Logout Project","definition":{"metadata":{"workflowEntityId":null,"creator":{"id":"cb8729c6-d03d-4181-a86f-f8454f1111bf","type":"User","tenantId":"55952066-399f-4655-b762-d5227c9f8ccc"},"provisioningMethod":"FromDefinition","failureAlertSubscription":true,"clientLastModifiedTime":"2020-03-29T09:47:45.1537646Z"},"$schema":"https://schema.management.azure.com/providers/Microsoft.Logic/schemas/2016-06-01/workflowdefinition.json#","contentVersion":"1.0.0.0","parameters":{"$connections":{"defaultValue":{},"type":"Object"},"$authentication":{"defaultValue":{},"type":"SecureObject"}},"triggers":{"manual":{"type":"Request","kind":"Button","inputs":{"schema":{"type":"object","properties":{"key-button-date":{"title":"Date","type":"string","x-ms-dynamically-added":false}},"required":["key-button-date"]},"headersSchema":{"x-ms-user-email-encoded":{"title":"User email","type":"string","format":"byte","x-ms-dynamically-added":false},"x-ms-user-name-encoded":{"title":"User name","type":"string","format":"byte","x-ms-dynamically-added":false}}}}},"actions":{"Post_a_choice_of_options_as_the_Flow_bot_to_a_user":{"runAfter":{},"metadata":{"flowSystemMetadata":{"swaggerOperationId":"SubscribeUserMessageWithOptions"}},"type":"ApiConnectionWebhook","inputs":{"host":{"connection":{"name":"@json(decodeBase64(triggerOutputs().headers['X-MS-APIM-Tokens']))['$connections']['shared_teams']['connectionId']"},"api":{"runtimeUrl":"https://asia-001.azure-apim.net/apim/teams"}},"body":{"notificationUrl":"@{listCallbackUrl()}","body":{"options":["Yes","No"],"messageTitle":"WFH BOT","recipient":{"to":"@{base64ToString(triggerOutputs()['headers']['x-ms-user-email-encoded'])};"},"messageBody":"Hi @{base64ToString(triggerOutputs()['headers']['x-ms-user-name-encoded'])}, do you want to logout?"}},"path":"/flowbot/actions/messagewithoptions/recipienttypes/user/$subscriptions","authentication":{"type":"Raw","value":"@json(decodeBase64(triggerOutputs().headers['X-MS-APIM-Tokens']))['$ConnectionKey']"}}},"Condition":{"actions":{"Current_time":{"runAfter":{},"type":"Expression","kind":"CurrentTime","inputs":{}},"Apply_to_each":{"foreach":"@body('Get_items')?['value']","actions":{"Update_item":{"runAfter":{},"metadata":{"flowSystemMetadata":{"swaggerOperationId":"PatchItem"}},"type":"ApiConnection","inputs":{"host":{"connection":{"name":"@json(decodeBase64(triggerOutputs().headers['X-MS-APIM-Tokens']))['$connections']['shared_sharepointonline']['connectionId']"},"api":{"runtimeUrl":"https://asia-001.azure-apim.net/apim/sharepointonline"}},"method":"patch","body":{"Title":"@items('Apply_to_each')?['Title']","Date":"@body('Current_time')","TimeOut":"@body('Current_time')","Active":"No"},"path":"/datasets/@{encodeURIComponent(encodeURIComponent('https://rootsandfuture.sharepoint.com/sites/WFH-Project'))}/tables/@{encodeURIComponent(encodeURIComponent('c46f5719-27b4-4d8e-a8d5-722cc7e788fb'))}/items/@{encodeURIComponent(items('Apply_to_each')?['ID'])}","queries":{"view":"3467a157-5d3c-491e-b188-e07238dbe4d6"},"authentication":{"type":"Raw","value":"@json(decodeBase64(triggerOutputs().headers['X-MS-APIM-Tokens']))['$ConnectionKey']"}}},"Post_a_message_as_the_Flow_bot_to_a_user":{"runAfter":{"Update_item":["Succeeded"]},"metadata":{"flowSystemMetadata":{"swaggerOperationId":"PostUserNotification"}},"type":"ApiConnection","inputs":{"host":{"connection":{"name":"@json(decodeBase64(triggerOutputs().headers['X-MS-APIM-Tokens']))['$connections']['shared_teams']['connectionId']"},"api":{"runtimeUrl":"https://asia-001.azure-apim.net/apim/teams"}},"method":"post","body":{"messageTitle":"WFH BOT","recipient":{"to":"@{base64ToString(triggerOutputs()['headers']['x-ms-user-email-encoded'])};"},"messageBody":"Hello @{items('Apply_to_each')?['EmployeeName']}, your WFH session is now deactived."},"path":"/flowbot/actions/notification/recipienttypes/user","authentication":{"type":"Raw","value":"@json(decodeBase64(triggerOutputs().headers['X-MS-APIM-Tokens']))['$ConnectionKey']"}}}},"runAfter":{"Get_items":["Succeeded"]},"type":"Foreach"},"Get_items":{"runAfter":{"Current_time":["Succeeded"]},"metadata":{"flowSystemMetadata":{"swaggerOperationId":"GetItems"}},"type":"ApiConnection","inputs":{"host":{"connection":{"name":"@json(decodeBase64(triggerOutputs().headers['X-MS-APIM-Tokens']))['$connections']['shared_sharepointonline']['connectionId']"},"api":{"runtimeUrl":"https://asia-001.azure-apim.net/apim/sharepointonline"}},"method":"get","path":"/datasets/@{encodeURIComponent(encodeURIComponent('https://rootsandfuture.sharepoint.com/sites/WFH-Project'))}/tables/@{encodeURIComponent(encodeURIComponent('c46f5719-27b4-4d8e-a8d5-722cc7e788fb'))}/items","queries":{"viewScopeOption":"RecursiveAll","$filter":"((EmployeeName eq '@{base64ToString(triggerOutputs()['headers']['x-ms-user-name-encoded'])}')) and ((Date eq '@{triggerBody()['key-button-date']}'))"},"authentication":{"type":"Raw","value":"@json(decodeBase64(triggerOutputs().headers['X-MS-APIM-Tokens']))['$ConnectionKey']"}}}},"runAfter":{"Post_a_choice_of_options_as_the_Flow_bot_to_a_user":["Succeeded"]},"expression":{"equals":["@body('Post_a_choice_of_options_as_the_Flow_bot_to_a_user')['selectedOption']","Yes"]},"type":"If"}}},"connectionReferences":{"shared_teams":{"connectionName":"shared-teams-64839c8b-e22a-4311-b1f0-3141d178ddb8","source":"Invoker","id":"/providers/Microsoft.PowerApps/apis/shared_teams","tier":"NotSpecified"},"shared_sharepointonline":{"connectionName":"shared-sharepointonl-8757de3d-9863-4c51-ad35-55b85f447cda","source":"Invoker","id":"/providers/Microsoft.PowerApps/apis/shared_sharepointonline","tier":"NotSpecified"}},"flowFailureAlertSubscribed":false}}