{"name":"091e2989-f19a-49bb-b3bd-050590880e4d","id":"/providers/Microsoft.Flow/flows/091e2989-f19a-49bb-b3bd-050590880e4d","type":"Microsoft.Flow/flows","properties":{"apiId":"/providers/Microsoft.PowerApps/apis/shared_logicflows","displayName":"WFH Login Project","definition":{"metadata":{"workflowEntityId":null,"creator":{"id":"cb8729c6-d03d-4181-a86f-f8454f1111bf","type":"User","tenantId":"55952066-399f-4655-b762-d5227c9f8ccc"},"provisioningMethod":"FromDefinition","failureAlertSubscription":true,"clientLastModifiedTime":"2020-04-04T06:49:24.8896533Z"},"$schema":"https://schema.management.azure.com/providers/Microsoft.Logic/schemas/2016-06-01/workflowdefinition.json#","contentVersion":"1.0.0.0","parameters":{"$connections":{"defaultValue":{},"type":"Object"},"$authentication":{"defaultValue":{},"type":"SecureObject"}},"triggers":{"manual":{"type":"Request","kind":"Button","inputs":{"schema":{"type":"object","properties":{"key-button-date":{"title":"Date","type":"string","x-ms-dynamically-added":false}},"required":["key-button-date"]},"headersSchema":{"x-ms-user-email-encoded":{"title":"User email","type":"string","format":"byte","x-ms-dynamically-added":false},"x-ms-user-name-encoded":{"title":"User name","type":"string","format":"byte","x-ms-dynamically-added":false}}}}},"actions":{"Post_a_choice_of_options_as_the_Flow_bot_to_a_user":{"runAfter":{"Current_time":["Succeeded"]},"metadata":{"flowSystemMetadata":{"swaggerOperationId":"SubscribeUserMessageWithOptions"}},"type":"ApiConnectionWebhook","inputs":{"host":{"connection":{"name":"@json(decodeBase64(triggerOutputs().headers['X-MS-APIM-Tokens']))['$connections']['shared_teams']['connectionId']"},"api":{"runtimeUrl":"https://asia-001.azure-apim.net/apim/teams"}},"body":{"notificationUrl":"@{listCallbackUrl()}","body":{"options":["Yes","No"],"messageTitle":"WFH BOT","recipient":{"to":"@{base64ToString(triggerOutputs()['headers']['x-ms-user-email-encoded'])};"},"messageBody":"Hi @{base64ToString(triggerOutputs()['headers']['x-ms-user-name-encoded'])}, Are you going to work now?"}},"path":"/flowbot/actions/messagewithoptions/recipienttypes/user/$subscriptions","authentication":{"type":"Raw","value":"@json(decodeBase64(triggerOutputs().headers['X-MS-APIM-Tokens']))['$ConnectionKey']"}}},"Condition":{"actions":{"Create_item":{"runAfter":{},"metadata":{"flowSystemMetadata":{"swaggerOperationId":"PostItem"}},"type":"ApiConnection","inputs":{"host":{"connection":{"name":"@json(decodeBase64(triggerOutputs().headers['X-MS-APIM-Tokens']))['$connections']['shared_sharepointonline']['connectionId']"},"api":{"runtimeUrl":"https://asia-001.azure-apim.net/apim/sharepointonline"}},"method":"post","body":{"Title":"@body('Post_a_choice_of_options_as_the_Flow_bot_to_a_user')['comments']","Date":"@triggerBody()['key-button-date']","EmployeeName":"@base64ToString(triggerOutputs()['headers']['x-ms-user-name-encoded'])","TimeIn":"@body('Current_time')","Active":"Yes"},"path":"/datasets/@{encodeURIComponent(encodeURIComponent('https://rootsandfuture.sharepoint.com/sites/WFH-Project'))}/tables/@{encodeURIComponent(encodeURIComponent('c46f5719-27b4-4d8e-a8d5-722cc7e788fb'))}/items","authentication":{"type":"Raw","value":"@json(decodeBase64(triggerOutputs().headers['X-MS-APIM-Tokens']))['$ConnectionKey']"}}},"Post_a_message_as_the_Flow_bot_to_a_user":{"runAfter":{"Create_item":["Succeeded"]},"metadata":{"flowSystemMetadata":{"swaggerOperationId":"PostUserNotification"}},"type":"ApiConnection","inputs":{"host":{"connection":{"name":"@json(decodeBase64(triggerOutputs().headers['X-MS-APIM-Tokens']))['$connections']['shared_teams']['connectionId']"},"api":{"runtimeUrl":"https://asia-001.azure-apim.net/apim/teams"}},"method":"post","body":{"messageTitle":"WFH BOT","recipient":{"to":"@{base64ToString(triggerOutputs()['headers']['x-ms-user-email-encoded'])};"},"messageBody":"Hi @{body('Create_item')?['EmployeeName']}, your session is now activated."},"path":"/flowbot/actions/notification/recipienttypes/user","authentication":{"type":"Raw","value":"@json(decodeBase64(triggerOutputs().headers['X-MS-APIM-Tokens']))['$ConnectionKey']"}}}},"runAfter":{"Post_a_choice_of_options_as_the_Flow_bot_to_a_user":["Succeeded"]},"else":{"actions":{"Post_a_message_as_the_Flow_bot_to_a_user_2":{"runAfter":{},"metadata":{"flowSystemMetadata":{"swaggerOperationId":"PostUserNotification"}},"type":"ApiConnection","inputs":{"host":{"connection":{"name":"@json(decodeBase64(triggerOutputs().headers['X-MS-APIM-Tokens']))['$connections']['shared_teams']['connectionId']"},"api":{"runtimeUrl":"https://asia-001.azure-apim.net/apim/teams"}},"method":"post","body":{"messageTitle":"WFH BOT","recipient":{"to":"@{base64ToString(triggerOutputs()['headers']['x-ms-user-email-encoded'])};"},"messageBody":"Hi @{base64ToString(triggerOutputs()['headers']['x-ms-user-name-encoded'])}, have a good rest."},"path":"/flowbot/actions/notification/recipienttypes/user","authentication":{"type":"Raw","value":"@json(decodeBase64(triggerOutputs().headers['X-MS-APIM-Tokens']))['$ConnectionKey']"}}}}},"expression":{"equals":["@body('Post_a_choice_of_options_as_the_Flow_bot_to_a_user')['selectedOption']","Yes"]},"type":"If"},"Current_time":{"runAfter":{},"type":"Expression","kind":"CurrentTime","inputs":{}}}},"connectionReferences":{"shared_teams":{"connectionName":"shared-teams-64839c8b-e22a-4311-b1f0-3141d178ddb8","source":"Invoker","id":"/providers/Microsoft.PowerApps/apis/shared_teams","tier":"NotSpecified"},"shared_sharepointonline":{"connectionName":"shared-sharepointonl-8757de3d-9863-4c51-ad35-55b85f447cda","source":"Invoker","id":"/providers/Microsoft.PowerApps/apis/shared_sharepointonline","tier":"NotSpecified"}},"flowFailureAlertSubscribed":false}}